time, fitness
0.0, 41.79058
249.10316, 28.35927
380.30804, 25.70966
