time, fitness
0.0, 100.77057
304.78259, 30.42429
502.77219, 25.76545
706.6847,23.411
905.90497, 22.0137
1022.61085, 20.94242
