time, fitness
0.0, 0.26176
1.25673, 0.25724
1.86248, 0.25724
2.44909, 0.25453
3.07649, 0.25453
3.49696, 0.25453
4.06099, 0.25443
4.51487, 0.25443
5.00193, 0.25443
5.42035, 0.25443
5.86923, 0.25443
6.23495, 0.25443
6.60819, 0.25443
7.03059, 0.25042
7.49608, 0.25042
8.12703, 0.25042
8.47639, 0.25042
9.05528, 0.25042
9.36027, 0.25042
9.76708, 0.25042
10.18513, 0.25042
