time, fitness
0.0, 41.79058
249.10316, 28.35927
402.30804, 25.70966
566.82814, 24.92087
